SAMPLE_ID	TAP1	B2M	IRF1	STAT1	CXCL9	CXCL10	PSMB9	NLRC5	HLA-A	HLA-B
TCGA-BA-4074-01	-0.7591	3.4413	-0.8672	-0.9534	-0.6177	-0.3616	0.7314	-1.3583	0.0	0.0
TCGA-T3-A92N-01	0.2285	-0.3753	1.0344	0.3345	-0.0864	-0.3434	0.6784	0.5838	0.0	0.0
TCGA-T3-A92M-01	0.1263	-0.3523	-0.1033	0.3306	-0.2561	-0.1823	0.5018	0.6973	0.0	0.0
TCGA-QK-AA3K-01	-0.7047	0.0996	-1.0318	-0.7347	-0.5124	-0.3944	-0.3502	-1.0208	0.0	0.0
TCGA-QK-AA3J-01	-0.6085	0.0842	0.0362	-0.8254	-0.5906	-0.5147	-0.5181	-0.0728	0.0	0.0
TCGA-QK-A8ZB-01	-0.8344	-0.3855	-0.9366	-0.7315	-0.5454	-0.498	-0.7965	-0.9769	0.0	0.0
TCGA-QK-A8ZA-01	-0.6491	-1.3223	-0.8643	-0.6419	-0.6212	-0.516	-0.4548	-0.9423	0.0	0.0
TCGA-QK-A8Z9-01	-0.057	0.1953	-0.7969	0.3843	-0.1965	-0.4263	-0.0836	2.2658	0.0	0.0
TCGA-QK-A8Z8-01	-0.3143	-0.117	-0.7649	-0.4278	-0.6275	-0.5205	-0.3992	0.3723	0.0	0.0
TCGA-QK-A8Z7-01	-0.7157	-1.3643	-1.2913	-1.1647	-0.5571	-0.5288	-0.7515	-0.7694	0.0	0.0
TCGA-BA-A8YP-01	-1.159	-1.2357	-1.2583	-0.7669	-0.5935	-0.5184	-0.947	-1.2662	0.0	0.0
TCGA-4P-AA8J-01	-0.3503	0.1519	0.0292	-0.5868	-0.4932	-0.4253	0.5671	-0.5613	0.0	0.0
TCGA-WA-A7H4-01	-0.8515	-0.5319	-1.0132	-1.0444	-0.6039	-0.5131	-0.5543	-0.8804	0.0	0.0
TCGA-WA-A7GZ-01	-0.215	-0.3244	-1.2489	-0.7669	-0.6116	-0.466	-0.6561	-0.8948	0.0	0.0
TCGA-UP-A6WW-01	-0.4978	0.1552	0.2514	-0.8356	-0.4047	-0.4148	0.5443	-1.0141	0.0	0.0
TCGA-UF-A7JV-01	-0.2114	0.1411	-0.5704	-0.231	-0.5033	-0.0896	0.0632	-0.9167	0.0	0.0
TCGA-UF-A7JT-01	2.4886	2.6366	1.9609	1.5209	0.7279	4.2548	2.4155	2.2167	0.0	0.0
TCGA-UF-A7JS-01	0.117	-0.5099	0.2076	-0.8298	-0.607	-0.3939	3.6905	0.3234	0.0	0.0
TCGA-UF-A7JO-01	2.5954	0.6514	1.2548	2.1412	1.9713	0.9035	2.3813	1.7358	0.0	0.0
TCGA-UF-A7JK-01	-0.8593	0.3026	-1.2573	-1.0174	-0.6276	-0.5313	-0.8541	-0.633	0.0	0.0
TCGA-UF-A7JJ-01	0.7417	2.4267	-0.5216	1.5498	-0.3322	-0.4238	0.4096	2.9166	0.0	0.0
TCGA-UF-A7JH-01	-0.1667	0.8152	-0.4469	-0.275	-0.2056	-0.2663	0.2353	1.2624	0.0	0.0
TCGA-UF-A7JF-01	-0.9138	-0.798	-0.22	-1.2193	-0.6164	-0.519	-0.4769	-1.3641	0.0	0.0
TCGA-UF-A7JD-01	-1.0789	-1.2335	-1.0109	-1.029	-0.6093	-0.5182	-0.7925	-1.191	0.0	0.0
TCGA-UF-A7JC-01	-0.4736	-0.2579	-1.0473	-0.3707	-0.5804	-0.4934	-0.5512	0.4167	0.0	0.0
TCGA-UF-A7JA-01	-0.6149	-0.7703	-0.8195	-0.9869	-0.5912	-0.504	-0.4911	-0.5095	0.0	0.0
TCGA-UF-A7J9-01	-1.0457	-0.9927	-1.0383	-0.909	-0.57	-0.4874	-0.7608	-1.0036	0.0	0.0
TCGA-UF-A71E-01	-1.027	-0.8947	-1.107	-0.7591	-0.6383	-0.5366	-0.7351	-0.0172	0.0	0.0
TCGA-UF-A71D-01	-0.6525	-0.8163	-1.0753	-0.9709	-0.6252	-0.5282	-0.6737	0.0536	0.0	0.0
TCGA-UF-A71B-01	-0.9563	-0.7164	-0.9394	-0.9169	-0.6025	-0.5019	-0.743	-1.0517	0.0	0.0
TCGA-UF-A71A-01	-1.2258	-1.5046	-1.2299	-1.1828	-0.6199	-0.5322	-0.9278	-1.5173	0.0	0.0
TCGA-UF-A719-01	-0.023	-0.4699	-0.0602	0.0549	-0.6363	-0.5263	0.2683	0.2873	0.0	0.0
TCGA-UF-A718-01	-0.2648	-0.4309	-0.717	-0.1033	-0.5038	-0.4907	-0.3463	-0.4008	0.0	0.0
TCGA-TN-A7HL-01	1.6362	0.6601	2.3967	-0.1139	0.1621	0.1971	2.0816	1.1136	0.0	0.0
TCGA-TN-A7HJ-01	-0.8008	-0.4214	-0.9653	-0.9389	-0.6267	-0.4986	-0.7817	-1.4196	0.0	0.0
TCGA-TN-A7HI-01	-0.8062	-0.9269	-0.1482	-0.9068	-0.2901	-0.3666	0.3472	-0.3153	0.0	0.0
TCGA-T2-A6X2-01	1.0634	-0.7029	1.0088	1.664	0.7547	0.6823	0.3565	2.782	0.0	0.0
TCGA-T2-A6X0-01	-0.5044	-0.4378	-1.1415	-0.1376	0.3684	-0.2379	-0.3022	-0.0091	0.0	0.0
TCGA-T2-A6WZ-01	-0.4822	-0.5027	-0.9966	-0.6175	-0.6142	-0.5072	0.0297	0.2615	0.0	0.0
TCGA-T2-A6WX-01	2.1273	1.7548	3.0861	1.832	1.3824	3.0793	2.8409	1.2597	0.0	0.0
TCGA-RS-A6TP-01	2.3044	0.7569	1.6184	0.2206	-0.3487	0.0386	0.6345	1.9239	0.0	0.0
TCGA-RS-A6TO-01	0.7963	-0.1983	0.3587	0.1764	0.0072	-0.2438	0.7046	-0.1604	0.0	0.0
TCGA-QK-A6VC-01	0.4457	0.8912	3.5124	0.2401	-0.2096	0.084	0.6561	0.1538	0.0	0.0
TCGA-QK-A6VB-01	-1.0323	-1.5087	-1.2102	-0.9816	-0.6174	-0.5321	-0.8515	-1.1067	0.0	0.0
TCGA-QK-A6V9-01	0.1099	-0.3376	0.8511	0.0247	0.7693	0.5192	0.2816	0.6402	0.0	0.0
TCGA-P3-A6T8-01	-1.0395	-0.0073	-0.9096	-0.7671	-0.6333	-0.523	-0.7587	-0.9513	0.0	0.0
TCGA-P3-A6T7-01	0.4654	0.5074	-0.601	0.4373	-0.0728	-0.1368	-0.084	0.2914	0.0	0.0
TCGA-P3-A6T6-01	-0.4995	-0.2653	-0.751	-1.0777	-0.6052	-0.5117	-0.1541	0.2785	0.0	0.0
TCGA-P3-A6T5-01	-0.6388	-0.2054	-0.8088	-0.6788	-0.6162	-0.5058	-0.5075	-0.6389	0.0	0.0
TCGA-P3-A6T4-01	-0.5805	-0.9132	-0.9089	-0.125	-0.5849	-0.5097	-0.4387	-0.0662	0.0	0.0
TCGA-P3-A6T3-01	-0.6583	-0.6842	-0.9981	-0.8109	-0.5398	-0.5017	-0.7574	-1.3273	0.0	0.0
TCGA-P3-A6T2-01	-0.3979	-0.3408	-0.6549	-0.8867	-0.5672	-0.3383	0.2924	-0.5455	0.0	0.0
TCGA-P3-A6T0-01	-1.0611	-0.958	-1.1761	-1.1312	-0.6338	-0.5368	-0.87	-1.3042	0.0	0.0
TCGA-P3-A6SX-01	-0.9395	-1.1106	-1.2537	-0.8947	-0.6247	-0.5352	-0.8233	-1.1668	0.0	0.0
TCGA-P3-A6SW-01	1.1926	0.2529	-0.6226	-0.6613	-0.3879	-0.4568	0.3611	-0.6542	0.0	0.0
TCGA-MZ-A7D7-01	-1.186	-0.536	-1.2541	-1.0859	-0.5822	-0.4427	-0.9285	-1.598	0.0	0.0
TCGA-MZ-A5BI-01	0.1451	0.1785	1.0587	-0.3964	-0.3355	0.4014	0.6541	-0.8781	0.0	0.0
TCGA-MT-A7BN-01	-0.8788	-0.1746	-0.829	-1.0143	-0.3721	-0.4865	0.0236	-0.7097	0.0	0.0
TCGA-KU-A6H8-01	-0.8496	-0.72	-0.8503	-0.9098	-0.5304	-0.4542	-0.5395	-0.6937	0.0	0.0
TCGA-IQ-A6SH-01	1.532	1.2505	-0.3669	1.143	-0.4375	0.0416	1.2437	0.3975	0.0	0.0
TCGA-IQ-A6SG-01	-1.2273	-1.4824	-1.2221	-0.9651	-0.6285	-0.5333	-0.9817	-1.5402	0.0	0.0
TCGA-H7-A76A-01	-0.0484	-0.0603	0.4209	-0.5897	0.3324	-0.2351	0.2955	0.4109	0.0	0.0
TCGA-D6-A74Q-01	-0.7372	-0.2566	-0.5306	-0.7363	-0.6021	-0.5111	-0.3075	0.259	0.0	0.0
TCGA-CV-A6JO-01	2.2066	1.4386	-0.1658	1.3994	0.4927	2.6045	1.31	1.5971	0.0	0.0
TCGA-CN-A6V7-01	-1.0709	-1.2584	-0.3859	-0.793	-0.5479	-0.4936	-0.6228	0.1305	0.0	0.0
TCGA-CN-A6V6-01	0.9061	0.9712	1.2444	0.808	0.5909	0.5513	1.5017	2.4838	0.0	0.0
TCGA-CN-A6V3-01	1.5155	1.0458	0.7169	0.5242	-0.143	0.8027	1.0317	1.0351	0.0	0.0
TCGA-CN-A6V1-01	1.2025	1.7156	2.2029	-0.2698	0.3322	-0.0632	4.1772	1.4776	0.0	0.0
TCGA-CN-A6UY-01	0.418	-0.2179	1.7086	-0.6718	-0.5501	-0.2418	2.1357	-0.7532	0.0	0.0
TCGA-BB-A6UO-01	-0.2488	0.9884	-0.9398	-0.361	-0.5697	-0.4154	-0.1882	0.185	0.0	0.0
TCGA-BB-A6UM-01	1.4156	1.5566	2.7216	0.5175	-0.4386	1.2186	1.8505	1.0742	0.0	0.0
TCGA-QK-A6IJ-01	0.6836	-0.0403	0.1147	-0.5975	-0.5029	-0.2701	2.5642	-0.0354	0.0	0.0
TCGA-QK-A6II-01	-0.1753	1.0085	1.3565	-0.1441	-0.5884	-0.4055	0.5084	-0.2617	0.0	0.0
TCGA-QK-A6IH-01	-0.6204	-0.4897	-0.9768	-1.1353	-0.6205	-0.5091	-0.794	-1.4044	0.0	0.0
TCGA-QK-A6IG-01	1.0532	-0.4717	0.9395	-0.1522	-0.462	0.0274	1.0454	0.3194	0.0	0.0
TCGA-QK-A6IF-01	-0.8695	-0.6853	0.9513	-0.5072	-0.1113	-0.4017	-0.5267	-0.7036	0.0	0.0
TCGA-MZ-A6I9-01	-0.991	-1.0759	-0.7295	-1.0658	-0.6162	-0.5253	-0.7818	-1.2945	0.0	0.0
TCGA-KU-A6H7-01	2.3666	0.4653	2.152	0.1451	1.3007	1.552	1.8798	0.0583	0.0	0.0
TCGA-HD-A6I0-01	1.0578	0.8554	-0.4	-0.4572	-0.4512	-0.2468	3.8694	-0.3969	0.0	0.0
TCGA-HD-A6HZ-01	-0.1475	0.6687	0.3514	-0.3332	0.2409	-0.322	-0.0532	1.5495	0.0	0.0
TCGA-D6-A6ES-01	-1.1067	-0.9025	-0.996	-1.272	-0.6361	-0.535	-0.6486	-1.5381	0.0	0.0
TCGA-D6-A6EQ-01	-0.636	0.6848	-0.0247	-0.8698	-0.2288	-0.3718	-0.0509	-0.0984	0.0	0.0
TCGA-D6-A6EP-01	-1.1508	-1.5966	-1.2714	-1.259	-0.6256	-0.519	-0.7642	-1.5455	0.0	0.0
TCGA-D6-A6EO-01	-0.1356	-1.2406	-1.0331	0.0989	-0.6145	-0.5204	-0.4377	1.3628	0.0	0.0
TCGA-D6-A6EN-01	2.1009	1.391	3.9455	0.651	0.0128	0.4218	4.1971	-0.2076	0.0	0.0
TCGA-D6-A6EM-01	3.2008	2.6594	1.9373	0.3237	-0.2209	1.5337	7.0434	-0.6037	0.0	0.0
TCGA-D6-A6EK-01	0.9685	1.7242	0.5294	0.1308	-0.4574	-0.1245	1.7066	-0.0426	0.0	0.0
TCGA-CV-A6K2-01	-0.3562	1.1772	-0.3059	0.0927	-0.4322	-0.3475	-0.5018	-0.6175	0.0	0.0
TCGA-CV-A6K1-01	0.3901	0.9471	-0.4953	-0.7229	-0.6235	-0.4893	0.9458	-0.1598	0.0	0.0
TCGA-CV-A6K0-01	-0.3041	-0.0168	-0.4527	0.0721	0.4759	0.1367	-0.3171	0.3739	0.0	0.0
TCGA-CV-A6JZ-01	1.8339	0.3748	0.0926	1.0481	2.2061	0.2347	1.5024	0.9913	0.0	0.0
TCGA-CV-A6JY-01	-0.8429	-1.2094	-1.2558	-1.0799	-0.6323	-0.5337	-0.9178	-0.6126	0.0	0.0
TCGA-CV-A6JU-01	-0.2006	-0.3888	-1.118	-0.9441	-0.6197	-0.5238	0.5125	-0.8618	0.0	0.0
TCGA-CV-A6JT-01	-0.4919	2.2027	-0.2095	-0.389	-0.4872	-0.3843	-0.0349	-0.062	0.0	0.0
TCGA-CV-A6JN-01	0.772	0.7876	0.2271	-0.0446	-0.52	-0.224	1.7612	0.0307	0.0	0.0
TCGA-CV-A6JM-01	-1.1862	-1.4661	-1.1446	-1.0805	-0.6042	-0.5234	-0.679	-1.2126	0.0	0.0
TCGA-CV-A6JE-01	0.478	0.5593	-0.3668	-0.8882	-0.2911	-0.2133	1.5621	0.691	0.0	0.0
TCGA-CV-A6JD-01	1.3505	2.1514	0.3548	0.6032	0.9452	3.9151	1.5834	0.5543	0.0	0.0
TCGA-BA-A6DE-01	0.3459	-0.7548	-0.6593	1.0978	-0.5207	-0.3801	-0.0576	-0.111	0.0	0.0
TCGA-BA-A6DD-01	0.7429	1.0096	-0.0937	0.4001	0.4627	0.2827	0.976	0.2984	0.0	0.0
TCGA-BA-A6DA-01	-0.5942	-0.0866	-1.0218	-0.8682	-0.3749	-0.254	-0.3521	-0.1497	0.0	0.0
TCGA-BA-A6D8-01	-1.1975	-1.4366	-1.2589	-1.3038	-0.6332	-0.5357	-0.7101	-1.4073	0.0	0.0
TCGA-QK-A652-01	0.0087	1.3851	-0.2303	0.544	-0.1145	-0.1782	-0.1897	1.2593	0.0	0.0
TCGA-QK-A64Z-01	0.5937	0.981	-0.281	0.3936	-0.3343	-0.2888	0.0672	1.3613	0.0	0.0
TCGA-MT-A67G-01	0.0	0.0	0.0	0.0	0.0	0.0	0.0	0.0	0.0	0.0
TCGA-MT-A67F-01	0.6325	2.8299	1.5639	1.0995	0.2216	1.8895	0.7542	1.1534	0.0	0.0
TCGA-MT-A67D-01	-0.5805	-0.0925	-0.8956	-0.683	-0.5406	-0.4555	-0.3359	-0.9228	0.0	0.0
TCGA-MT-A67A-01	-0.4447	-0.359	-0.3275	-0.7492	-0.3518	-0.3011	-0.2719	0.1033	0.0	0.0
TCGA-KU-A66T-01	-1.2005	-1.0099	-1.0725	-1.0032	-0.6396	-0.5207	-0.9845	-1.3219	0.0	0.0
TCGA-KU-A66S-01	-0.7385	-0.4633	-0.7714	-0.9517	-0.5259	-0.479	-0.3936	-0.34	0.0	0.0
TCGA-IQ-A61O-01	-1.1409	-0.4799	-0.8412	-1.016	-0.5716	-0.5115	-0.863	-0.6549	0.0	0.0
TCGA-IQ-A61L-01	0.0	0.0	0.0	0.0	0.0	0.0	0.0	0.0	0.0	0.0
TCGA-IQ-A61K-01	0.0	0.0	0.0	0.0	0.0	0.0	0.0	0.0	0.0	0.0
TCGA-IQ-A61J-01	-0.2472	0.8532	-0.0441	0.1795	-0.1787	-0.3943	-0.379	0.7672	0.0	0.0
TCGA-IQ-A61I-01	-0.5063	1.402	0.1577	0.0314	-0.493	-0.1995	0.2704	-0.6798	0.0	0.0
TCGA-IQ-A61H-01	-0.8932	-0.925	-0.9827	-0.6381	-0.3075	-0.4454	-0.7585	-0.5358	0.0	0.0
TCGA-IQ-A61G-01	-0.5565	0.2699	-0.6578	-0.6028	-0.6265	-0.443	-0.2307	-1.0212	0.0	0.0
TCGA-IQ-A61E-01	1.3125	1.111	-0.7572	0.4238	-0.1106	0.2095	0.4134	0.0981	0.0	0.0
TCGA-H7-A6C5-01	0.0	0.0	0.0	0.0	0.0	0.0	0.0	0.0	0.0	0.0
TCGA-H7-A6C4-01	0.1593	1.0065	-0.899	0.101	-0.2126	-0.2769	-0.2514	0.1924	0.0	0.0
TCGA-F7-A624-01	1.0657	2.4165	1.1767	-0.0394	2.1282	0.4734	2.6644	0.0291	0.0	0.0
TCGA-CQ-7072-01	-1.0663	-0.8995	-0.989	-1.1627	-0.6312	-0.5354	-0.559	-1.2824	0.0	0.0
TCGA-CQ-7071-01	-0.1285	1.6558	-0.3968	0.2798	0.298	-0.063	-0.114	0.3877	0.0	0.0
TCGA-CN-A642-01	0.135	-0.4031	0.7982	1.3255	0.3339	0.1255	0.6439	0.1751	0.0	0.0
TCGA-CN-A641-01	-0.8617	-1.3723	-1.2012	-1.194	-0.6132	-0.5313	-0.7256	-1.1236	0.0	0.0
TCGA-CN-A640-01	0.0	0.0	0.0	0.0	0.0	0.0	0.0	0.0	0.0	0.0
TCGA-CN-A63Y-01	0.0	0.0	0.0	0.0	0.0	0.0	0.0	0.0	0.0	0.0
TCGA-CN-A63W-01	0.0564	-0.1387	-0.4407	-0.4057	-0.4692	-0.3237	0.2171	0.1932	0.0	0.0
TCGA-CN-A63U-01	-0.4319	-0.2131	-1.0339	-1.0183	-0.6174	-0.5293	-0.1232	-1.2035	0.0	0.0
TCGA-BA-A6DL-01	-0.8258	-0.3537	-0.7406	-0.3535	-0.6127	-0.5196	-0.2655	-0.4252	0.0	0.0
TCGA-BA-A6DJ-01	0.6422	1.5487	1.0459	0.2575	0.0735	1.3379	0.53	0.974	0.0	0.0
TCGA-BA-A6DI-01	-0.5793	-0.312	-0.3053	-0.5852	0.1541	-0.3038	-0.5264	-0.6149	0.0	0.0
TCGA-BA-A6DG-01	-0.9904	-0.3933	-0.7413	-1.1319	-0.5907	-0.5149	-0.7241	-0.9383	0.0	0.0
TCGA-BA-A6DF-01	0.0	0.0	0.0	0.0	0.0	0.0	0.0	0.0	0.0	0.0
TCGA-BA-A6DB-01	-0.1964	1.3803	-0.1538	-0.0537	0.2369	-0.0192	0.274	-0.0102	0.0	0.0
TCGA-P3-A5QF-01	-0.2972	-0.0871	-0.2311	-0.6876	-0.4394	-0.4048	-0.0751	0.2523	0.0	0.0
TCGA-P3-A5QE-01	-0.0021	0.3974	0.4543	0.0253	-0.1885	0.0461	0.0971	0.8165	0.0	0.0
TCGA-P3-A5QA-01	-0.6457	-0.1205	-0.8759	-0.3872	-0.5693	-0.4579	-0.577	-1.0069	0.0	0.0
TCGA-P3-A5Q6-01	-0.6728	1.2043	-1.0951	-1.1657	-0.5427	-0.5229	-0.3596	0.3524	0.0	0.0
TCGA-P3-A5Q5-01	-0.8123	0.1195	-0.4535	-0.8176	0.5576	-0.2627	-0.1226	-0.732	0.0	0.0
TCGA-HD-A634-01	-1.2665	-1.4456	-1.1713	-1.2748	-0.64	-0.5363	-0.7756	-1.629	0.0	0.0
TCGA-HD-A633-01	-0.799	-0.2762	-1.0099	-1.2768	-0.6289	-0.5345	-0.2927	-1.421	0.0	0.0
TCGA-F7-A623-01	-0.7024	-0.3195	-0.9906	0.3955	-0.5398	-0.3616	-0.8125	0.7529	0.0	0.0
TCGA-F7-A622-01	-0.4255	0.2142	-1.0243	-0.5465	-0.5889	-0.2293	-0.3213	-0.8087	0.0	0.0
TCGA-F7-A620-01	2.9674	2.687	2.4983	1.4702	1.9208	5.2698	1.7204	1.35	0.0	0.0
TCGA-F7-A61W-01	-0.6734	0.0148	-1.2518	-0.66	-0.6173	-0.5083	-0.5023	-0.2492	0.0	0.0
TCGA-F7-A61V-01	-0.6415	-0.3442	-0.9219	-0.8823	-0.5581	-0.458	-0.4105	-0.1655	0.0	0.0
TCGA-F7-A61S-01	1.5032	1.4239	0.2815	0.5135	-0.4043	0.8477	2.2045	0.5833	0.0	0.0
TCGA-F7-A50J-01	-0.2079	0.2095	-0.0831	-0.5891	-0.1799	-0.1965	-0.219	-0.1522	0.0	0.0
TCGA-F7-A50I-01	-0.1552	0.5597	-0.7428	-0.2917	0.1896	0.1606	-0.5482	-0.0694	0.0	0.0
TCGA-CN-A63V-01	-1.145	-1.334	-1.102	-1.2065	-0.6278	-0.5323	-0.9229	-1.3686	0.0	0.0
TCGA-CN-A63T-01	-0.0658	0.7027	-0.1278	-0.2797	0.0963	-0.4059	0.1648	0.0414	0.0	0.0
TCGA-BB-A5HZ-01	-0.9289	-0.7921	-1.271	-0.7656	-0.6301	-0.5237	-0.8968	0.1308	0.0	0.0
TCGA-BB-A5HY-01	-0.4908	-0.5729	-1.1394	-0.95	-0.6261	-0.4896	-0.4652	-1.1503	0.0	0.0
TCGA-BB-A5HU-01	-1.0409	-0.8616	-1.2527	-0.9758	-0.4836	-0.4988	-0.8347	-0.9783	0.0	0.0
TCGA-MT-A51X-01	-0.38	0.1727	-0.8416	-0.5756	-0.5022	-0.4833	-0.2095	0.5059	0.0	0.0
TCGA-MT-A51W-01	0.7054	0.4208	0.0036	0.8675	-0.3927	-0.0208	0.4867	0.9423	0.0	0.0
TCGA-F7-A50G-01	0.7557	1.0219	-0.1926	0.6586	0.3242	0.3073	0.1908	1.5751	0.0	0.0
TCGA-CV-A468-01	0.2203	0.8366	0.8697	0.4298	0.0161	0.2459	0.3408	1.1696	0.0	0.0
TCGA-CV-A465-01	-0.6873	-0.4907	-1.1033	-0.6651	-0.5845	-0.5098	-0.5964	0.0338	0.0	0.0
TCGA-CV-A464-01	0.3403	1.005	-0.2969	0.7072	-0.207	-0.0124	0.3018	0.8441	0.0	0.0
TCGA-CV-A463-01	-0.0015	0.1483	-0.7697	-0.0985	-0.517	-0.4204	-0.4427	0.0332	0.0	0.0
TCGA-CV-A461-01	0.9979	0.9309	0.7437	1.7724	0.341	0.1895	1.5031	2.5282	0.0	0.0
TCGA-CQ-A4CI-01	-1.1031	-1.1943	-1.0736	-1.2153	-0.6333	-0.534	-0.9122	-0.7816	0.0	0.0
TCGA-CQ-A4CH-01	-0.9917	-1.0798	-1.1758	-0.7696	-0.6341	-0.5321	-0.765	-0.9295	0.0	0.0
TCGA-CQ-A4CG-01	-0.6376	-0.6719	-0.3712	0.3104	-0.5253	-0.2685	-0.5478	-0.6095	0.0	0.0
TCGA-CQ-A4CE-01	-0.0731	-0.6066	-0.21	-0.2015	-0.1555	-0.2356	-0.7006	1.1424	0.0	0.0
TCGA-BA-A4II-01	-0.7337	-0.9601	-0.9185	-0.8003	-0.4817	-0.4579	-0.7553	-0.1855	0.0	0.0
TCGA-BA-A4IH-01	-0.4334	0.4623	-0.267	-0.1014	-0.4122	-0.0861	-0.085	-0.8985	0.0	0.0
TCGA-BA-A4IG-01	-0.7382	-1.373	-0.6359	-0.5462	-0.4316	-0.4457	-0.6551	-0.3608	0.0	0.0
TCGA-BA-A4IF-01	-0.5116	-0.8971	-0.9925	-0.0401	-0.6318	-0.5285	0.186	0.5768	0.0	0.0
TCGA-D6-A4ZB-01	-0.5984	-0.4595	-0.8648	-0.7624	-0.6052	-0.5002	-0.5455	-0.6201	0.0	0.0
TCGA-D6-A4Z9-01	0.8361	0.3127	0.542	-0.0407	-0.4297	-0.2595	-0.0275	1.2484	0.0	0.0
TCGA-CX-A4AQ-01	-0.307	-0.1444	0.553	-0.999	-0.4999	-0.3989	0.5869	-1.0436	0.0	0.0
TCGA-CV-A460-01	-0.4476	-0.7966	0.0119	-0.4639	-0.2094	-0.2994	-0.5766	-0.9817	0.0	0.0
TCGA-CV-A45Z-01	-0.1745	-0.068	-0.0071	-0.1354	-0.3315	-0.3285	-0.0753	-0.413	0.0	0.0
TCGA-CV-A45Y-01	-0.1524	0.1562	-0.298	-0.1458	0.1153	-0.2459	-0.3339	1.4988	0.0	0.0
TCGA-CV-A45X-01	-0.9507	-0.9425	-1.2212	-0.9645	-0.5965	-0.5054	-0.8537	-1.0729	0.0	0.0
TCGA-CV-A45W-01	-0.3626	-0.4499	-0.601	-0.6838	-0.3401	-0.3692	-0.2736	-0.6466	0.0	0.0
TCGA-CV-A45V-01	0.1432	0.47	-0.298	-0.1232	-0.4412	-0.4342	-0.0791	0.571	0.0	0.0
TCGA-CQ-A4CD-01	1.621	0.3981	-0.2457	0.4563	-0.1686	1.1732	2.5715	0.1046	0.0	0.0
TCGA-CQ-A4CB-01	-0.1827	0.0868	-0.5731	0.2775	-0.5279	-0.4532	0.0821	0.2469	0.0	0.0
TCGA-CQ-A4CA-01	3.1936	1.9005	1.3603	1.1429	0.7435	2.0303	1.6538	2.5724	0.0	0.0
TCGA-CQ-A4C9-01	-0.662	-0.8546	-0.9419	-0.9467	-0.6275	-0.526	-0.5437	-0.6658	0.0	0.0
TCGA-CQ-A4C7-01	0.8361	-0.0875	-0.2127	0.651	0.0351	-0.0507	0.0825	-0.0147	0.0	0.0
TCGA-CQ-A4C6-01	0.9997	0.6438	0.9318	1.0026	0.4528	0.7092	0.7782	1.2971	0.0	0.0
TCGA-HD-A4C1-01	-0.1826	-0.3454	-0.6409	0.0528	-0.2396	-0.3861	-0.4533	1.6067	0.0	0.0
TCGA-CV-A45U-01	-0.299	-0.4475	-0.7411	-0.4314	-0.4868	-0.4578	-0.1371	-0.1971	0.0	0.0
TCGA-CV-A45T-01	1.3956	1.0542	0.538	1.0288	0.7121	1.0842	0.9006	1.1128	0.0	0.0
TCGA-CV-A45R-01	0.3282	0.0116	-0.2884	0.1895	0.1395	0.186	-0.1475	0.7724	0.0	0.0
TCGA-CV-A45Q-01	-0.2919	-0.6484	-0.5872	-0.819	-0.5315	-0.4633	-0.0871	-0.2169	0.0	0.0
TCGA-CV-A45P-01	-0.2534	-0.2807	-0.7995	-0.0664	-0.4761	-0.3987	-0.5719	0.521	0.0	0.0
TCGA-CV-A45O-01	-0.0994	0.579	-0.9692	1.3342	-0.4228	-0.4521	-0.6573	1.8752	0.0	0.0
TCGA-CN-A49C-01	-0.89	-1.0305	-0.5935	-0.7407	-0.5891	-0.4197	-0.5638	-0.7317	0.0	0.0
TCGA-CN-A49B-01	1.3036	1.6563	1.1349	0.0145	-0.3507	-0.2289	1.2844	0.5178	0.0	0.0
TCGA-CN-A49A-01	-1.008	-1.2604	-1.0339	-1.0768	-0.6055	-0.5193	-0.668	-0.7651	0.0	0.0
TCGA-CN-A499-01	1.9944	0.0328	0.9387	1.5802	3.6079	5.1786	1.3287	1.4288	0.0	0.0
TCGA-CN-A498-01	0.0304	0.1041	-0.4237	-0.2292	0.4316	-0.1082	-0.1843	-0.1688	0.0	0.0
TCGA-CN-A497-01	-0.8249	-1.1281	-0.8629	-0.9758	-0.5071	-0.5228	-0.6341	-0.9519	0.0	0.0
TCGA-C9-A480-01	-0.1651	-0.2465	0.1379	1.3114	-0.2414	-0.2304	-0.2848	0.8683	0.0	0.0
TCGA-C9-A47Z-01	-0.198	0.2702	-0.6798	-0.195	-0.1443	0.4636	-0.3886	-0.0212	0.0	0.0
TCGA-HD-8635-01	-0.5086	-0.7754	-0.3322	-0.3323	-0.542	-0.469	-0.7306	-0.2479	0.0	0.0
TCGA-HD-8634-01	0.1965	-0.1758	-0.5311	0.2419	-0.4014	0.2352	-0.0922	0.9337	0.0	0.0
TCGA-HD-8314-01	-1.1171	-1.1195	-0.933	-0.4187	-0.2616	-0.4798	-0.835	-0.375	0.0	0.0
TCGA-HD-8224-01	-0.9445	-1.0083	-0.5416	-1.0217	-0.6037	-0.5273	-0.8756	-1.3103	0.0	0.0
TCGA-H7-8502-01	0.0673	-0.4847	-0.5418	-0.4503	-0.4903	-0.4048	-0.0154	-0.2381	0.0	0.0
TCGA-H7-8501-01	4.2775	4.2129	3.0407	0.9387	4.6675	9.1003	2.2543	0.3329	0.0	0.0
TCGA-F7-8489-01	1.7402	0.5014	0.1529	1.6571	0.7511	0.118	0.9214	0.8071	0.0	0.0
TCGA-F7-8298-01	-0.7366	-0.6588	-0.7837	-0.8833	-0.6102	-0.4991	-0.6303	-0.5163	0.0	0.0
TCGA-D6-8569-01	0.4231	0.214	0.3459	0.5799	-0.4892	-0.3297	0.264	1.3856	0.0	0.0
TCGA-D6-8568-01	0.0395	-0.0554	-0.1094	-0.9531	-0.4119	-0.2225	-0.441	1.94	0.0	0.0
TCGA-CQ-7069-01	-0.778	-0.0718	-1.0952	-0.7304	-0.599	-0.4581	-0.8411	-0.4253	0.0	0.0
TCGA-CQ-7064-01	0.0	0.0	0.0	0.0	0.0	0.0	0.0	0.0	0.0	0.0
TCGA-CQ-7063-01	1.2202	0.4653	1.0479	2.3867	2.2683	1.41	0.2261	3.0191	0.0	0.0
TCGA-CQ-5333-01	1.4963	2.1738	1.8813	0.2313	6.2864	2.2158	3.5818	0.4889	0.0	0.0
TCGA-BB-8601-01	-1.2601	-1.6579	-1.1533	-1.2828	-0.6395	-0.5382	-1.0152	-1.6992	0.0	0.0
TCGA-BB-8596-01	-0.9653	-0.7481	-0.7032	-0.9137	-0.5475	-0.5041	-0.7973	-0.7749	0.0	0.0
TCGA-HL-7533-01	0.718	0.8518	-0.1021	0.909	0.7936	0.4088	0.2366	0.9986	0.0	0.0
TCGA-HD-7917-01	-0.8202	-0.1392	-0.8625	-0.3646	-0.3418	-0.3258	-0.695	-0.0307	0.0	0.0
TCGA-DQ-7596-01	-1.0593	-0.9766	-0.4596	-0.8793	-0.4836	-0.4311	-0.7429	-0.9231	0.0	0.0
TCGA-DQ-7595-01	-0.9444	-0.7703	-0.9239	-0.8868	-0.6269	-0.5319	-0.7014	-1.2514	0.0	0.0
TCGA-DQ-7594-01	0.4702	-0.7614	0.1211	0.4086	0.4696	0.3149	-0.2851	0.6635	0.0	0.0
TCGA-DQ-7593-01	-0.6019	0.3543	0.0421	-0.8308	-0.2307	-0.209	-0.3878	-0.3199	0.0	0.0
TCGA-DQ-7590-01	-0.2019	0.2931	0.3487	0.4292	1.6126	0.2258	0.2406	-0.4853	0.0	0.0
TCGA-DQ-7589-01	-1.1667	-1.3626	-1.022	-1.1248	-0.587	-0.5123	-0.9167	-1.2616	0.0	0.0
TCGA-CV-7409-01	0.4167	0.4057	0.2983	3.4068	-0.2032	-0.4466	1.0337	1.0975	0.0	0.0
TCGA-CQ-7067-01	0.104	-0.1707	-0.7288	-0.4804	-0.3755	-0.2439	-0.2161	0.6212	0.0	0.0
TCGA-BB-7872-01	1.3378	4.0253	0.0444	2.819	1.0662	0.752	0.4585	0.7811	0.0	0.0
TCGA-BB-7871-01	-0.4439	-1.0064	-0.9161	-0.5611	-0.5451	-0.4987	-0.1587	-0.4492	0.0	0.0
TCGA-BB-7870-01	-0.5097	-0.7763	-0.2465	-1.1128	-0.5934	-0.4183	-0.2328	-1.3432	0.0	0.0
TCGA-BB-7866-01	-0.9934	-1.1609	-0.2616	-0.7494	-0.35	-0.4211	-0.6086	-0.9535	0.0	0.0
TCGA-BB-7864-01	-1.0986	-1.6157	-1.1475	-1.0727	-0.6187	-0.5301	-0.8718	-0.7399	0.0	0.0
TCGA-BB-7863-01	-0.812	-0.3962	-1.1306	-0.2786	-0.5723	-0.4912	-0.9307	-0.4782	0.0	0.0
TCGA-BB-7862-01	-1.0621	-0.6191	-0.9526	-1.2183	-0.5773	-0.5054	-0.877	-1.4895	0.0	0.0
TCGA-BB-7861-01	1.1358	1.3197	3.2138	1.8901	5.3725	2.8873	0.3847	1.6497	0.0	0.0
TCGA-HD-7832-01	1.186	0.1929	0.7985	1.5995	-0.5398	0.362	1.331	1.1532	0.0	0.0
TCGA-HD-7831-01	-0.8693	-0.606	-1.0671	-0.9973	-0.5641	-0.5167	-0.7813	-0.4781	0.0	0.0
TCGA-F7-7848-01	-1.2026	-1.3966	-0.6633	-1.026	-0.5837	-0.5271	-0.9105	-1.0338	0.0	0.0
TCGA-CV-7568-01	-0.8393	0.3747	-0.523	-0.184	-0.2593	-0.4578	-0.5208	0.237	0.0	0.0
TCGA-CV-7446-01	-0.4842	-0.5378	-0.589	0.6121	-0.4484	-0.4708	-0.7232	0.4507	0.0	0.0
TCGA-CV-7440-01	-0.3778	-0.8906	-0.8602	-0.4541	-0.5623	-0.4657	-0.1275	-0.6503	0.0	0.0
TCGA-CV-7438-01	0.5839	-0.4054	-0.5265	0.5507	-0.1613	-0.0661	0.1818	-0.257	0.0	0.0
TCGA-CV-7437-01	-0.5805	-0.7954	-1.1284	-0.8859	-0.6071	-0.5246	-0.6883	-1.2659	0.0	0.0
TCGA-CV-7435-01	-0.2634	-0.0132	-0.6692	0.8044	-0.449	-0.404	-0.446	-0.0828	0.0	0.0
TCGA-CV-7434-01	0.9414	0.399	0.3351	0.7111	-0.3693	0.4514	0.2048	1.722	0.0	0.0
TCGA-CV-7433-01	1.379	1.9146	0.1365	1.4858	3.2205	1.5523	0.2293	1.403	0.0	0.0
TCGA-CV-7432-01	0.1477	-0.7462	0.5096	0.0597	-0.4677	-0.378	0.1697	-0.3116	0.0	0.0
TCGA-CV-7430-01	-0.9963	-1.021	-1.0387	-1.0835	-0.6304	-0.5324	-0.8838	-0.8912	0.0	0.0
TCGA-CV-7429-01	-1.0303	-0.9198	-1.108	-0.5349	-0.606	-0.4921	-0.7206	-1.1104	0.0	0.0
TCGA-CV-7428-01	1.0834	0.0776	1.5977	2.3472	0.6402	1.0559	1.1363	0.9419	0.0	0.0
TCGA-CR-7404-01	-0.1042	-1.0106	-0.169	-0.2375	0.1253	-0.3694	-0.3215	0.574	0.0	0.0
TCGA-CR-7383-01	-0.3327	0.2122	0.0471	-0.0657	-0.3255	-0.4272	0.0664	-0.6204	0.0	0.0
TCGA-CR-7382-01	0.6706	-0.0472	0.5944	2.0169	0.9568	0.8358	-0.0814	1.1576	0.0	0.0
TCGA-CR-7376-01	0.0489	1.1437	1.2765	1.7431	3.6483	0.4358	-0.0062	1.2294	0.0	0.0
TCGA-CR-7370-01	-0.992	-0.9701	-0.5368	-0.2296	-0.3515	-0.4644	-0.821	-0.9701	0.0	0.0
TCGA-CR-7369-01	-0.984	-1.0512	-1.1347	-0.8818	-0.6095	-0.5132	-0.9169	-1.0919	0.0	0.0
TCGA-CR-7368-01	-0.0444	-0.5464	-0.7289	-0.173	-0.3965	-0.4698	-0.3517	-0.5564	0.0	0.0
TCGA-IQ-7632-01	-0.5705	-0.5386	-1.183	-0.6089	-0.5254	-0.4524	-0.7718	-1.047	0.0	0.0
TCGA-IQ-7631-01	-1.2533	-1.4442	-1.1923	-1.2601	-0.6309	-0.5369	-0.9504	-1.514	0.0	0.0
TCGA-IQ-7630-01	0.1924	0.6119	-0.5674	0.3405	-0.5904	-0.4215	0.1201	0.5655	0.0	0.0
TCGA-HD-7754-01	-1.3136	-1.4888	-1.2805	-1.1708	-0.6147	-0.5321	-0.9967	-1.5555	0.0	0.0
TCGA-HD-7753-01	-0.3995	0.4128	-0.7849	-0.5026	-0.4538	-0.4011	-0.6269	-0.3893	0.0	0.0
TCGA-H7-7774-01	0.2207	0.4711	-1.0278	1.6263	0.0126	-0.1994	-0.0833	0.6753	0.0	0.0
TCGA-DQ-7592-01	1.2993	0.6422	-0.5037	0.3346	-0.0996	0.0307	-0.2314	0.7423	0.0	0.0
TCGA-DQ-7591-01	-0.7718	0.3946	1.5194	-0.391	-0.3611	-0.0719	-0.2595	-0.7564	0.0	0.0
TCGA-DQ-7588-01	-0.9518	-0.8115	-1.1189	-1.1227	-0.6378	-0.5384	-0.7126	-0.8406	0.0	0.0
TCGA-CX-7086-01	-0.7357	-0.769	-0.9816	-0.3829	-0.4817	-0.3839	-0.7725	-0.0348	0.0	0.0
TCGA-CV-7427-01	1.7645	1.5338	2.0876	1.7095	3.2667	3.3279	-0.0226	2.2211	0.0	0.0
TCGA-CV-7425-01	0.1579	0.2627	0.1861	0.8604	0.1197	0.6064	-0.4821	0.3829	0.0	0.0
TCGA-CV-7424-01	-0.6508	-0.6407	-0.6886	-0.5982	-0.3053	-0.4618	-0.4501	-0.8531	0.0	0.0
TCGA-CV-7423-01	-0.6504	-0.6396	-1.1253	-0.4481	-0.6113	-0.5119	-0.5733	-0.9488	0.0	0.0
TCGA-CV-7422-01	-0.3491	-0.5323	-0.146	-0.0479	-0.5068	-0.2656	-0.5395	-0.5113	0.0	0.0
TCGA-CV-7421-01	-1.0316	-1.1026	-1.1235	-1.0345	-0.6212	-0.5117	-0.7993	-1.4505	0.0	0.0
TCGA-CV-7418-01	-0.7136	-0.4876	-0.8022	6.2007	-0.3659	-0.3972	-0.5173	-0.7199	0.0	0.0
TCGA-CV-7416-01	-0.9038	-0.3557	-0.9331	-0.4516	-0.6302	-0.4845	-0.8596	-0.7548	0.0	0.0
TCGA-CV-7415-01	1.8937	1.88	0.5054	1.4295	2.1245	0.7227	1.2641	0.6221	0.0	0.0
TCGA-CV-7414-01	-0.5894	-0.6566	-0.7561	-0.7904	-0.6089	-0.502	-0.5726	-1.5056	0.0	0.0
TCGA-CV-7413-01	0.2209	2.5779	-0.2689	-0.5159	-0.3708	-0.4297	0.4675	-0.1817	0.0	0.0
TCGA-CV-7411-01	-0.5759	-0.4574	-1.187	-0.6626	-0.5234	-0.4907	-0.8339	-0.8393	0.0	0.0
TCGA-CV-7410-01	0.8192	1.166	0.2831	0.5834	0.2553	-0.3614	0.4477	1.3623	0.0	0.0
TCGA-CV-7407-01	1.5439	-0.0892	1.1063	2.0648	-0.3675	-0.3364	0.9099	-0.1138	0.0	0.0
TCGA-CV-7406-01	-1.2643	-1.5393	-1.0436	-1.1874	-0.6154	-0.5317	-1.012	-1.4738	0.0	0.0
TCGA-CR-6492-01	0.1887	0.3062	-0.136	0.0673	-0.2927	-0.0951	-0.1513	0.2951	0.0	0.0
TCGA-CR-6488-01	-0.944	-0.3445	-1.0333	-0.6035	-0.5791	-0.5216	-0.811	0.4199	0.0	0.0
TCGA-CQ-7068-01	2.0447	1.1235	3.0788	2.5506	3.1906	5.2602	1.4671	2.2782	0.0	0.0
TCGA-CQ-7065-01	-0.7964	-0.2771	-1.2189	-0.5961	-0.6355	-0.5292	-0.7718	-0.6768	0.0	0.0
TCGA-CQ-6221-01	-0.6599	0.0192	-1.137	-0.9825	-0.6162	-0.5315	-0.2985	-0.9426	0.0	0.0
TCGA-BB-4217-01	-0.8576	-0.3388	-0.8337	-0.9212	-0.554	-0.5248	-0.5958	-0.0193	0.0	0.0
TCGA-HD-7229-01	1.1295	1.8413	0.4545	1.2479	-0.372	-0.3023	0.4925	1.6374	0.0	0.0
TCGA-CX-7219-01	0.0319	-0.5028	-0.4205	0.3319	-0.0705	-0.2963	-0.381	-0.0602	0.0	0.0
TCGA-CX-7085-01	0.1182	0.4864	-0.0448	0.084	0.1799	-0.1131	-0.5586	1.2748	0.0	0.0
TCGA-CX-7082-01	-0.4718	-0.9971	-0.7738	-0.5116	-0.1957	-0.3766	-0.5254	0.3998	0.0	0.0
TCGA-CV-7263-01	-0.5648	-0.4582	-0.4993	-0.7491	-0.489	-0.4816	-0.4793	-0.2812	0.0	0.0
TCGA-CV-7261-01	-0.637	-0.885	-0.9862	-0.7667	-0.4262	-0.4847	-0.5123	-0.1367	0.0	0.0
TCGA-CV-7255-01	-0.6321	0.0994	-1.0556	-0.3303	-0.6289	-0.5178	-0.7065	-0.9466	0.0	0.0
TCGA-CV-7254-01	-0.7282	0.6226	-0.5358	-0.5471	-0.1888	-0.4456	-0.3338	-1.0585	0.0	0.0
TCGA-CV-7253-01	-0.9477	-0.5065	-1.1737	-1.1004	-0.6383	-0.5378	-0.7712	-1.0495	0.0	0.0
TCGA-CV-7252-01	-0.1816	0.6622	-0.9194	-0.613	-0.3801	-0.3978	-0.5875	-0.2514	0.0	0.0
TCGA-CV-7250-01	-0.4956	-0.8075	0.32	-0.5023	-0.564	-0.5189	-0.5116	-0.6577	0.0	0.0
TCGA-CV-7248-01	-0.9435	-0.8278	-0.869	-0.632	-0.5582	-0.5024	-0.741	-0.0931	0.0	0.0
TCGA-CV-7247-01	-0.8052	-1.1905	-0.9577	-0.9339	-0.6179	-0.5302	-0.6326	-1.2793	0.0	0.0
TCGA-CV-7245-01	-0.6075	-0.4708	-1.0351	-0.8671	-0.6287	-0.5343	-0.4423	0.0152	0.0	0.0
TCGA-CV-7243-01	-0.4569	-0.9118	-1.0051	-0.5381	-0.3077	-0.3939	-0.6469	-0.7283	0.0	0.0
TCGA-CV-7242-01	-0.3059	-0.4902	-0.5492	-0.2989	-0.3519	-0.4488	-0.412	0.8807	0.0	0.0
TCGA-CV-7238-01	0.2065	-0.6548	-0.092	0.3293	-0.3167	-0.3615	0.2271	0.8317	0.0	0.0
TCGA-CV-7236-01	-0.5269	-0.3672	-0.3055	-0.578	-0.3384	-0.4021	-0.6795	-0.6881	0.0	0.0
TCGA-CV-7235-01	1.9345	0.369	1.5399	2.4944	-0.0775	-0.119	0.1855	0.2744	0.0	0.0
TCGA-CV-7183-01	-0.9642	-0.9352	-1.2288	-0.8058	-0.5868	-0.5235	-0.9176	-1.2319	0.0	0.0
TCGA-CV-7180-01	-0.499	-0.3349	-0.9043	-0.714	-0.5471	-0.4291	-0.4318	-0.6854	0.0	0.0
TCGA-CV-7178-01	0.462	0.356	-0.357	-0.3543	0.0374	-0.3607	0.2985	1.27	0.0	0.0
TCGA-CV-7177-01	-1.1691	-1.3593	-1.1757	-1.0378	-0.623	-0.532	-0.963	-1.1383	0.0	0.0
TCGA-CV-7104-01	0.8836	-0.2842	0.0698	2.3332	-0.4307	-0.283	0.7937	-0.1146	0.0	0.0
TCGA-CV-7103-01	-1.243	-1.3044	-1.1266	-1.0036	-0.5917	-0.5292	-0.9675	-1.454	0.0	0.0
TCGA-CV-7102-01	-0.5727	-0.0183	-0.6588	-0.4804	-0.269	-0.4801	-0.2722	0.278	0.0	0.0
TCGA-CV-7101-01	-0.7138	-0.3564	-0.5291	-0.6314	-0.3259	-0.4811	-0.714	-0.7107	0.0	0.0
TCGA-CV-7100-01	0.8524	0.6543	1.9578	1.0633	1.0532	1.8294	1.9133	0.5446	0.0	0.0
TCGA-CV-7099-01	0.8185	-0.596	0.4561	0.4515	0.1518	0.7894	0.45	2.1014	0.0	0.0
TCGA-CV-7097-01	-0.5466	-0.0946	-0.6044	-0.3171	-0.5351	-0.2869	-0.1671	-0.9693	0.0	0.0
TCGA-CV-7095-01	-0.7897	-0.4814	-0.782	0.3111	-0.3564	-0.4645	-0.6187	-0.5937	0.0	0.0
TCGA-CV-7091-01	0.2241	0.2674	-0.7039	0.5247	0.2322	0.0724	-0.4065	1.0358	0.0	0.0
TCGA-CV-7090-01	0.7774	2.0389	-0.3137	1.0327	0.0615	-0.1148	0.0197	0.4186	0.0	0.0
TCGA-CV-7089-01	0.1335	-0.5142	-0.1088	-0.0271	-0.4756	-0.3433	0.0911	0.1585	0.0	0.0
TCGA-CV-6960-01	-1.1531	-1.5702	-1.2027	-1.0273	-0.64	-0.5381	-0.8833	-1.2866	0.0	0.0
TCGA-CV-6956-01	-0.8331	-0.4033	-1.242	-1.0114	-0.6316	-0.534	-0.7766	-0.7698	0.0	0.0
TCGA-CV-6955-01	0.6229	0.3188	0.2855	0.7509	-0.2928	-0.3722	0.1325	0.5402	0.0	0.0
TCGA-CV-6942-01	0.8077	1.3013	0.9037	0.5435	0.7373	0.1682	1.4192	1.491	0.0	0.0
TCGA-CV-6937-01	-0.5983	-0.9024	-0.9422	-0.7775	-0.625	-0.522	-0.5075	-0.4206	0.0	0.0
TCGA-CR-7402-01	-0.5606	-1.0854	-0.6423	-1.14	-0.5823	-0.5131	-0.4815	-1.2524	0.0	0.0
TCGA-CR-7401-01	-0.4282	0.2003	-0.974	-0.1074	-0.5062	-0.492	-0.4723	-0.5792	0.0	0.0
TCGA-CR-7399-01	-0.0686	0.1656	-0.2999	-0.0597	1.6527	-0.2521	-0.0623	-0.6844	0.0	0.0
TCGA-CR-7398-01	-0.9228	-1.3142	-1.1063	-0.8388	-0.6166	-0.474	-0.8529	-1.2735	0.0	0.0
TCGA-CR-7397-01	-0.7429	-0.647	-0.7647	-0.4218	-0.1388	-0.262	-0.6324	-0.8336	0.0	0.0
TCGA-CR-7395-01	0.4313	0.6474	0.4468	0.7731	1.6656	0.7938	0.2145	0.7044	0.0	0.0
TCGA-CR-7394-01	0.3455	0.652	-0.1529	1.2884	1.9197	0.2641	0.0075	1.186	0.0	0.0
TCGA-CR-7393-01	-0.8144	-0.5147	-0.8811	-0.3554	-0.4515	-0.4996	-0.709	-0.7536	0.0	0.0
TCGA-CR-7392-01	0.8933	0.6439	0.1706	1.4393	0.1976	-0.1749	-0.034	0.581	0.0	0.0
TCGA-CR-7391-01	-0.424	-0.2221	-0.5816	-0.0127	-0.0875	-0.2524	-0.5648	-0.3311	0.0	0.0
TCGA-CR-7390-01	-1.1232	-1.1529	-1.1523	-1.2187	-0.6371	-0.5379	-0.8655	-0.89	0.0	0.0
TCGA-CR-7389-01	-0.1214	0.7401	-1.0121	-0.2061	-0.583	-0.5043	-0.6352	-0.1922	0.0	0.0
TCGA-CR-7388-01	-0.7762	-0.6843	-0.538	-0.7201	-0.5061	-0.4979	-0.5255	0.12	0.0	0.0
TCGA-CR-7386-01	0.1354	2.3631	0.087	2.4184	0.2945	-0.194	-0.0413	0.7537	0.0	0.0
TCGA-CR-7385-01	-0.6207	-0.8538	-0.0233	-0.3403	-0.304	-0.4003	-0.4643	0.2882	0.0	0.0
TCGA-CR-7380-01	-0.4454	0.0494	-0.9938	-0.6971	-0.5029	-0.5025	-0.7239	-0.4587	0.0	0.0
TCGA-CR-7379-01	-0.9792	-0.8932	-1.2325	-0.9345	-0.5348	-0.5096	-0.8654	-0.6212	0.0	0.0
TCGA-CR-7377-01	0.012	0.577	-0.2587	1.4732	0.8981	-0.3236	0.2424	0.3178	0.0	0.0
TCGA-CR-7374-01	-0.6034	-0.5724	-1.1013	-0.6412	-0.5881	-0.5289	-0.7174	-0.3604	0.0	0.0
TCGA-CR-7373-01	1.6694	0.2622	1.3305	2.4147	-0.1989	0.1879	1.385	1.7575	0.0	0.0
TCGA-CR-7372-01	-0.9608	-1.0474	-1.1724	-0.7507	-0.6036	-0.5177	-0.861	-0.7488	0.0	0.0
TCGA-CR-7371-01	-0.7319	-0.4608	-0.7263	-0.6926	-0.3923	-0.4634	-0.6794	-0.674	0.0	0.0
TCGA-CR-7367-01	-0.9399	-0.8959	-0.9912	-0.2316	-0.3705	-0.4796	-0.86	-0.5706	0.0	0.0
TCGA-CR-7365-01	-0.5458	-0.3253	-1.0359	-0.2782	-0.3744	-0.4795	-0.4076	-0.605	0.0	0.0
TCGA-CR-7364-01	-1.0709	-1.1365	-0.9834	-0.8476	-0.565	-0.5136	-0.8784	-1.238	0.0	0.0
TCGA-CR-5248-01	-0.671	-0.3053	0.3223	-0.4439	1.4165	-0.4272	-0.3252	-0.0584	0.0	0.0
TCGA-CR-5247-01	-0.8374	-0.9847	-1.1402	-1.0132	-0.6368	-0.5334	-0.7805	-1.2183	0.0	0.0
TCGA-CN-6998-01	0.7438	-0.1112	-0.304	0.9226	-0.4253	-0.2802	0.0443	0.5117	0.0	0.0
TCGA-CN-6997-01	-1.0611	-1.2624	-1.0961	-1.008	-0.5814	-0.5304	-0.7382	-0.687	0.0	0.0
TCGA-CN-6995-01	1.9746	1.3434	3.54	1.9025	0.184	-0.1519	2.0791	0.2286	0.0	0.0
TCGA-CN-5370-01	0.1088	0.526	-0.1423	2.2501	-0.2663	0.6424	-0.2277	0.6505	0.0	0.0
TCGA-BA-7269-01	-1.1665	-0.8221	-1.1261	-1.2026	-0.6187	-0.5107	-0.5779	-1.4766	0.0	0.0
TCGA-D6-6827-01	-0.8874	-1.4198	-0.6777	-1.0634	-0.6121	-0.2558	-0.7924	-1.466	0.0	0.0
TCGA-D6-6826-01	-0.8456	-0.6266	-0.5474	-0.5634	-0.504	-0.4182	-0.7337	-0.7875	0.0	0.0
TCGA-D6-6825-01	1.052	1.1785	0.6157	3.0658	1.2875	0.5952	-0.013	2.7089	0.0	0.0
TCGA-D6-6824-01	-0.6214	0.3613	-0.1105	-0.1164	-0.3681	-0.4369	-0.41	-0.8443	0.0	0.0
TCGA-D6-6823-01	-0.1576	-0.7751	-0.9512	-0.1625	-0.5465	-0.5048	-0.3534	0.5579	0.0	0.0
TCGA-CV-6962-01	-1.2538	-1.6162	-1.3937	-1.2328	-0.6329	-0.5337	-0.9932	-1.4448	0.0	0.0
TCGA-CV-6961-01	-0.1482	-0.4672	-0.5109	-0.1282	-0.2543	-0.2705	-0.3822	-0.827	0.0	0.0
TCGA-CV-6959-01	0.5983	0.5949	-0.2436	-0.1017	0.7189	0.6032	-0.0254	0.5855	0.0	0.0
TCGA-CV-6954-01	2.0373	0.348	-0.3666	1.085	2.2784	0.07	1.5884	-0.1329	0.0	0.0
TCGA-CV-6953-01	-1.2691	-1.4047	-1.209	-1.0408	-0.3336	-0.5165	-0.9532	-1.4277	0.0	0.0
TCGA-CV-6952-01	1.2109	1.0871	-0.0777	2.3473	0.041	0.5999	0.4185	0.8702	0.0	0.0
TCGA-CV-6951-01	-1.0256	-1.072	-0.782	-0.7401	-0.6223	-0.5341	-0.8415	-1.116	0.0	0.0
TCGA-CV-6950-01	-0.43	-0.0961	-0.6203	0.6355	0.1711	-0.4203	-0.2457	-0.1104	0.0	0.0
TCGA-CV-6948-01	-0.7395	-1.4467	-0.3847	-0.7052	-0.118	-0.4471	-0.4707	-0.3327	0.0	0.0
TCGA-CV-6945-01	-0.7629	-0.7621	-1.1217	-0.8499	-0.6295	-0.5314	-0.5378	-0.7622	0.0	0.0
TCGA-CV-6943-01	1.6269	2.0223	1.5463	2.3892	4.0622	1.0538	0.5071	1.2123	0.0	0.0
TCGA-CV-6941-01	-0.7126	-0.7429	-0.9713	-0.5229	-0.4373	-0.4924	-0.6189	-0.7845	0.0	0.0
TCGA-CV-6940-01	-1.218	-1.5216	-1.095	-1.0808	-0.6064	-0.5309	-0.9485	-1.4063	0.0	0.0
TCGA-CV-6939-01	-0.3218	-0.1387	-0.2824	-0.5962	-0.4218	-0.3389	-0.043	0.421	0.0	0.0
TCGA-CV-6938-01	1.9262	1.448	0.9597	2.0192	1.1424	1.8984	0.8707	0.6743	0.0	0.0
TCGA-CV-6936-01	0.8883	0.1093	0.8019	0.3781	-0.2382	-0.3588	0.142	1.6817	0.0	0.0
TCGA-CV-6935-01	-1.1044	-1.3767	-1.1454	-1.1128	-0.5816	-0.5252	-0.9506	-1.5789	0.0	0.0
TCGA-CV-6934-01	-0.2852	0.8025	-0.3889	-0.1107	-0.2051	-0.4017	-0.3337	0.2456	0.0	0.0
TCGA-CV-6933-01	-0.9456	-1.0247	-0.8591	-0.8927	-0.6013	-0.5187	-0.6624	-1.2909	0.0	0.0
TCGA-CQ-6229-01	0.4839	0.1244	-0.9265	1.107	4.256	1.5379	0.1118	1.0033	0.0	0.0
TCGA-CQ-6228-01	-1.1358	-1.0571	-0.8412	-0.8953	-0.6227	-0.529	-0.8826	-1.4507	0.0	0.0
TCGA-CQ-6227-01	-0.9008	-0.4733	-1.0896	-0.8442	-0.3152	-0.4773	-0.7162	-1.2024	0.0	0.0
TCGA-CQ-6225-01	-1.1781	-1.3597	-1.2267	-0.7321	-0.6379	-0.5357	-0.9268	-1.5633	0.0	0.0
TCGA-CQ-6224-01	-0.137	0.1022	-0.3135	0.2259	-0.4227	-0.069	-0.3281	-0.8569	0.0	0.0
TCGA-CQ-6223-01	0.0019	0.4805	0.0215	0.2949	-0.3019	-0.2363	-0.5748	0.9873	0.0	0.0
TCGA-CQ-6222-01	0.1091	0.7941	0.1775	0.2869	-0.051	-0.3585	0.1894	-0.4866	0.0	0.0
TCGA-CQ-6220-01	0.7455	0.0959	-0.3262	1.1287	-0.3655	-0.2097	0.9934	0.4595	0.0	0.0
TCGA-CQ-6219-01	1.8846	1.0738	0.7104	2.526	1.135	1.4996	2.2957	1.438	0.0	0.0
TCGA-CQ-6218-01	0.4578	0.9227	-0.3079	1.3944	-0.4169	0.3692	-0.2261	0.097	0.0	0.0
TCGA-CN-6996-01	1.5922	0.5798	0.7876	1.9926	1.2704	0.8584	0.5194	2.439	0.0	0.0
TCGA-CN-6994-01	-1.0057	-0.7425	-0.5586	-0.4561	-0.5921	-0.5214	-0.6086	-0.6666	0.0	0.0
TCGA-CN-6992-01	-0.8494	-1.0904	-1.01	-1.0743	-0.5897	-0.5234	-0.8645	-0.4965	0.0	0.0
TCGA-CN-6989-01	-0.8351	-0.7776	-0.8553	-0.9425	-0.6176	-0.5222	-0.6537	-0.9174	0.0	0.0
TCGA-CN-6988-01	-1.1321	-1.5345	-0.9512	-0.9721	-0.6321	-0.5344	-0.916	-1.3784	0.0	0.0
TCGA-BA-6868-01	-0.5367	-0.189	-0.9675	0.0006	-0.6109	-0.4855	-0.509	-1.0289	0.0	0.0
TCGA-DQ-5631-01	-0.9938	-1.0204	-1.0332	-0.9856	-0.6279	-0.5305	-0.6986	-1.1037	0.0	0.0
TCGA-DQ-5630-01	1.873	3.8496	2.274	0.9996	1.9218	1.4655	0.5147	0.674	0.0	0.0
TCGA-DQ-5629-01	-0.8722	-1.1333	-1.137	-0.7893	-0.6286	-0.5303	-0.7682	-1.2759	0.0	0.0
TCGA-DQ-5625-01	2.5506	1.4036	2.87	2.5429	3.2724	3.5622	0.7171	1.2624	0.0	0.0
TCGA-DQ-5624-01	-0.9288	-0.1545	-0.7972	-0.6836	-0.5621	-0.5052	-0.8162	-1.0274	0.0	0.0
TCGA-D6-6517-01	-0.6215	-1.0914	-0.9161	-0.805	-0.6056	-0.5204	-0.4449	-0.8356	0.0	0.0
TCGA-D6-6516-01	1.0433	0.0568	1.6943	0.704	-0.2867	-0.2853	-0.1259	0.9296	0.0	0.0
TCGA-D6-6515-01	2.1189	1.9385	1.4176	3.0263	0.6628	2.2026	0.777	1.0009	0.0	0.0
TCGA-CR-6493-01	-0.2512	-0.2348	-0.8274	-0.0435	-0.5317	-0.2578	-0.0361	-0.3627	0.0	0.0
TCGA-CR-6491-01	-0.1803	-0.3105	-0.1795	-0.4901	-0.4822	-0.4583	-0.513	-0.5801	0.0	0.0
TCGA-CR-6487-01	1.3344	0.6676	0.8111	1.2329	1.8757	-0.121	0.7225	0.6841	0.0	0.0
TCGA-CR-6484-01	2.9465	1.103	1.5052	0.4621	0.2238	-0.3438	0.4086	0.7961	0.0	0.0
TCGA-CR-6482-01	0.3964	0.4355	0.0814	0.4834	0.5569	-0.3593	0.2308	0.5926	0.0	0.0
TCGA-CR-6481-01	-0.0701	0.2276	0.3694	0.3897	1.8197	-0.2498	-0.0968	-0.7281	0.0	0.0
TCGA-CR-6480-01	-0.0576	-1.5423	-0.1474	-0.4585	-0.4946	-0.4698	-0.2204	-0.5036	0.0	0.0
TCGA-CR-6478-01	9.9004	0.1092	1.0076	3.3458	0.8259	1.8209	7.4911	0.9732	0.0	0.0
TCGA-CR-6477-01	-0.8201	-0.0013	-0.9217	-0.92	-0.6007	-0.4835	-0.6343	-0.9719	0.0	0.0
TCGA-CR-6474-01	-0.6129	0.0305	-0.7658	-0.3629	0.101	-0.4051	-0.5308	-0.7396	0.0	0.0
TCGA-CR-6473-01	-1.0166	-1.0881	0.4608	-0.8241	-0.5338	-0.2496	-0.7035	-1.0622	0.0	0.0
TCGA-CR-6472-01	-1.3457	-1.4225	-0.9407	-1.2419	-0.3805	-0.5089	-0.9231	-1.5927	0.0	0.0
TCGA-CR-6471-01	-0.2047	-0.0294	0.1473	0.3841	-0.2655	-0.2885	-0.6247	0.0681	0.0	0.0
TCGA-CR-6470-01	0.0135	-0.3747	1.0824	0.4906	0.2418	0.3273	-0.1783	-1.1464	0.0	0.0
TCGA-CR-6467-01	-0.6362	-0.7753	0.2629	-0.4744	0.2188	-0.4076	-0.5016	-0.4995	0.0	0.0
TCGA-CQ-5331-01	2.6638	0.8718	0.7489	2.8781	4.3141	2.1245	0.6409	1.8783	0.0	0.0
TCGA-CQ-5326-01	-0.1364	-0.2788	-0.7289	0.5891	-0.5449	-0.5209	-0.07	-0.4034	0.0	0.0
TCGA-CN-4733-01	2.2293	0.3559	0.8284	1.3737	0.667	0.7218	1.3764	0.1841	0.0	0.0
TCGA-BB-4227-01	-1.1675	-1.0101	-1.1287	-1.3995	-0.6359	-0.5359	-0.7828	-1.4303	0.0	0.0
TCGA-BA-6873-01	1.1086	0.85	-0.4104	1.2716	1.4116	0.2758	0.5274	1.4816	0.0	0.0
TCGA-BA-6872-01	-0.4064	-0.1415	-0.8614	-0.3908	-0.4766	-0.4753	-0.4611	-0.3357	0.0	0.0
TCGA-BA-6871-01	-0.383	0.0719	-0.0814	-0.8714	-0.5057	-0.4333	0.0425	-0.0549	0.0	0.0
TCGA-BA-6870-01	-0.0043	1.0867	-0.9092	-1.0583	-0.6337	-0.525	0.1131	-0.0654	0.0	0.0
TCGA-BA-6869-01	-0.5895	-0.9322	-0.4481	-1.0646	-0.5822	-0.4692	-0.5492	-0.6885	0.0	0.0
TCGA-BA-5152-01	0.1094	1.4342	-0.0698	0.8916	-0.4148	-0.055	-0.0263	-0.2678	0.0	0.0
TCGA-CV-6441-01	-0.7976	0.4235	-0.4929	-0.7896	-0.6294	-0.5189	-0.2136	-1.181	0.0	0.0
TCGA-CV-6436-01	0.6504	-0.2171	0.1295	-0.1747	0.4786	1.023	1.7128	-0.0942	0.0	0.0
TCGA-CV-6433-01	0.9719	0.8906	0.2735	0.9841	1.534	1.0039	1.0863	0.2257	0.0	0.0
TCGA-CV-6003-01	0.0177	-0.0865	-0.9349	-0.0082	-0.5677	-0.3516	0.2802	-0.0952	0.0	0.0
TCGA-CV-5979-01	-0.2546	0.7216	-1.0875	-0.1401	-0.5711	-0.3607	-0.1137	-0.3299	0.0	0.0
TCGA-CV-5978-01	-0.8741	-0.2578	-1.1442	-0.3059	-0.6141	-0.5209	-0.7972	-0.4131	0.0	0.0
TCGA-CV-5977-01	1.3482	-0.043	0.2156	0.0499	-0.0179	1.5371	0.1911	0.5143	0.0	0.0
TCGA-CV-5976-01	-0.3953	-0.5041	-0.5567	-0.3876	-0.4631	-0.4254	-0.5627	-0.2587	0.0	0.0
TCGA-CV-5973-01	-1.0544	-1.1176	-1.0501	-1.1194	-0.6197	-0.4573	-0.8071	-1.0952	0.0	0.0
TCGA-CV-5971-01	-0.6821	-0.5043	-0.4882	-0.6009	-0.3702	-0.169	-0.3852	-0.7755	0.0	0.0
TCGA-CV-5970-01	-0.5766	-0.7002	-0.8772	-0.2872	-0.3324	-0.4098	-0.606	-0.4667	0.0	0.0
TCGA-CV-5966-01	3.2937	0.4495	0.3727	1.15	-0.4747	0.9771	3.1859	3.7526	0.0	0.0
TCGA-CV-5439-01	0.9885	0.6157	0.8675	0.6773	-0.4906	-0.4053	0.5897	1.3561	0.0	0.0
TCGA-CV-5435-01	-0.6598	-1.4382	-1.0743	-1.0875	-0.6047	-0.5313	-0.6004	-1.0485	0.0	0.0
TCGA-CV-5434-01	-0.7514	-0.5271	-1.0088	0.0753	-0.2929	-0.458	-0.7089	0.202	0.0	0.0
TCGA-CV-5432-01	-1.081	-1.3447	-0.8915	-0.886	-0.5366	-0.5177	-0.8803	-0.8901	0.0	0.0
TCGA-CV-5430-01	-0.3046	-0.7179	0.0036	0.1927	-0.2136	-0.1697	-0.5715	-0.229	0.0	0.0
TCGA-CQ-5334-01	1.0647	0.1507	0.9473	2.2814	0.6647	0.095	0.3263	0.7004	0.0	0.0
TCGA-CQ-5332-01	-1.2445	-1.4963	-1.0908	-0.6897	-0.6202	-0.5262	-0.9558	-1.3475	0.0	0.0
TCGA-CQ-5330-01	1.2985	-0.2874	0.7883	1.6095	2.0159	0.5947	0.3628	1.4521	0.0	0.0
TCGA-CQ-5329-01	0.9341	0.6966	-0.6597	0.9853	1.1268	-0.0965	1.601	-0.2497	0.0	0.0
TCGA-CQ-5327-01	1.8012	1.4934	0.836	1.1521	0.6008	0.8869	0.9497	1.1708	0.0	0.0
TCGA-CQ-5325-01	1.5909	2.7037	0.5041	1.866	0.8688	1.2721	0.9829	0.407	0.0	0.0
TCGA-CQ-5324-01	0.1334	-0.2547	-0.1266	1.0573	0.0276	-0.2551	-0.3813	0.5654	0.0	0.0
TCGA-CQ-5323-01	0.204	-0.4504	0.4335	0.2707	-0.2848	-0.2166	-0.2488	2.1863	0.0	0.0
TCGA-CN-6024-01	-1.2035	-1.5935	-0.897	-1.0346	-0.6188	-0.5297	-0.9878	-1.4525	0.0	0.0
TCGA-CN-6023-01	0.1142	-0.5469	-0.8669	-0.1449	0.1948	-0.4951	-0.1959	-0.1519	0.0	0.0
TCGA-CN-6022-01	-0.7449	-0.8395	-1.0946	-0.9033	-0.5607	-0.5164	-0.7338	-1.054	0.0	0.0
TCGA-CN-6021-01	-1.2115	-1.5469	-1.2685	-1.1007	-0.627	-0.5361	-0.9292	-1.3196	0.0	0.0
TCGA-CN-6020-01	-0.1331	-0.1424	-0.783	-0.2478	-0.5461	-0.3097	-0.6407	0.2136	0.0	0.0
TCGA-CN-6019-01	-1.0984	-0.4463	-0.8345	-0.8344	-0.4536	-0.4994	-0.7546	-1.0158	0.0	0.0
TCGA-CN-6018-01	0.7006	0.2978	-0.3184	0.9277	-0.315	-0.0407	1.0534	-0.0042	0.0	0.0
TCGA-CN-6017-01	1.1886	1.0564	1.1343	1.7733	0.93	0.4942	0.6845	1.4872	0.0	0.0
TCGA-CN-6016-01	-0.7728	-0.6235	-0.1167	-0.1716	-0.3049	-0.4342	-0.447	-0.2798	0.0	0.0
TCGA-CN-6013-01	2.6419	1.8166	2.2651	1.8841	1.2523	-0.0831	0.878	7.8654	0.0	0.0
TCGA-CN-6012-01	-0.5961	-0.6546	-0.5605	-0.1881	-0.0805	-0.4396	-0.501	-0.2963	0.0	0.0
TCGA-CN-6011-01	0.7248	0.478	-0.7742	0.2557	-0.5841	-0.328	-0.1789	1.4767	0.0	0.0
TCGA-CN-6010-01	-0.8825	-0.9416	-1.0308	-0.8295	-0.4901	-0.5216	-0.8275	-0.727	0.0	0.0
TCGA-UF-A71A-06	-1.2959	-1.4969	-1.315	-1.1198	-0.6339	-0.5363	-0.9389	-1.5212	0.0	0.0
TCGA-KU-A6H7-06	0.7651	-1.6126	1.3552	-0.8449	-0.371	-0.1756	3.797	-1.1496	0.0	0.0
TCGA-CV-5444-01	0.2407	0.6436	0.0593	0.8095	0.2298	-0.2982	0.5433	0.4265	0.0	0.0
TCGA-CV-5443-01	-0.7995	-0.6975	0.2413	-0.3294	0.5829	-0.3746	-0.5456	-1.2871	0.0	0.0
TCGA-CV-5442-01	-1.376	-1.7792	-1.3336	-1.3993	-0.6152	-0.5353	-1.0463	-1.7027	0.0	0.0
TCGA-CV-5441-01	-0.6766	-1.0876	-0.9854	-0.9617	-0.5533	-0.5141	-0.7062	-0.7132	0.0	0.0
TCGA-CV-5440-01	-0.0634	-1.3188	-0.028	0.3544	-0.5071	-0.4788	-0.4613	-0.4613	0.0	0.0
TCGA-CV-5436-01	-0.1932	0.7228	-0.7925	1.8523	-0.435	-0.4218	-0.4855	2.4967	0.0	0.0
TCGA-CV-5431-01	-0.349	-0.0436	-0.202	-0.3504	0.3179	-0.4487	-0.2185	-0.5333	0.0	0.0
TCGA-CR-5250-01	-0.8472	-0.9805	-0.6506	-0.9286	-0.4301	-0.4237	-0.735	-0.9031	0.0	0.0
TCGA-CR-5249-01	-0.3798	-0.3004	-0.0541	-0.7714	-0.4019	-0.4485	-0.5527	-0.4371	0.0	0.0
TCGA-CR-5243-01	-0.2477	-1.3355	0.0243	-0.4994	-0.4317	-0.2731	-0.2097	-0.878	0.0	0.0
TCGA-CN-5358-01	-0.5024	-0.1477	-0.1583	-0.1089	-0.0998	-0.3815	-0.5994	0.3116	0.0	0.0
TCGA-CN-4742-01	-0.4981	-0.5964	-1.0007	0.1872	-0.5783	-0.4902	-0.7926	-0.7976	0.0	0.0
TCGA-CN-4739-01	-0.968	-1.1762	-0.7756	-0.9984	-0.5528	-0.5227	-0.8143	-0.2121	0.0	0.0
TCGA-CN-4738-01	-0.3295	0.0691	0.4022	0.021	-0.212	-0.4171	-0.4389	0.3557	0.0	0.0
TCGA-BA-5559-01	0.6339	0.2132	2.0528	1.4025	1.8253	0.144	0.0467	1.0249	0.0	0.0
TCGA-BA-5558-01	0.6332	-0.0964	-0.3052	0.136	-0.3203	-0.2617	-0.2644	0.6741	0.0	0.0
TCGA-BA-5557-01	-0.8357	-0.2509	-1.0004	-0.7309	-0.4818	-0.5143	-0.8007	-0.9286	0.0	0.0
TCGA-BA-5556-01	2.2143	0.4015	0.9364	1.7555	1.9675	1.7894	0.8408	1.6221	0.0	0.0
TCGA-BA-5555-01	0.4139	-0.8739	-0.8646	-0.4118	-0.48	-0.4668	0.0226	-0.427	0.0	0.0
TCGA-BA-5149-01	-0.2941	-0.139	-0.0529	0.5321	-0.0478	-0.2956	-0.2161	-0.3513	0.0	0.0
TCGA-CN-5374-01	-0.0422	-0.1115	0.1999	-0.5834	0.077	-0.3894	0.0512	0.4351	0.0	0.0
TCGA-CN-5373-01	0.5729	0.8548	-0.2898	2.3711	0.1122	0.3501	-0.006	1.4263	0.0	0.0
TCGA-CN-5369-01	1.6456	0.9614	1.9587	1.4057	0.9247	0.8196	0.209	1.6131	0.0	0.0
TCGA-CN-5367-01	-0.1797	-0.2465	-0.7332	-0.3533	-0.5404	-0.4549	-0.368	0.3583	0.0	0.0
TCGA-CN-5366-01	-0.1169	0.1098	-0.3482	0.1	0.3847	-0.3428	-0.3857	0.0522	0.0	0.0
TCGA-CN-5365-01	0.256	1.3465	0.2356	-0.0365	-0.36	-0.1963	0.3366	0.3815	0.0	0.0
TCGA-CN-5364-01	-0.7628	-0.321	0.0781	0.0121	-0.5149	-0.4734	-0.376	-0.7417	0.0	0.0
TCGA-CN-5363-01	1.862	0.4604	1.1515	1.2223	3.4427	0.6479	1.556	0.5735	0.0	0.0
TCGA-CN-5361-01	0.608	0.2651	-0.5527	0.2192	-0.3131	-0.3483	-0.1824	-0.2185	0.0	0.0
TCGA-CN-5360-01	0.1086	-0.2595	0.0596	0.6406	0.714	-0.3893	-0.3211	0.7217	0.0	0.0
TCGA-CN-5359-01	-0.7026	-0.3291	-0.3354	0.044	-0.138	-0.4265	-0.614	0.6002	0.0	0.0
TCGA-CN-5356-01	-0.9572	-1.3108	-1.2017	-1.0816	-0.6137	-0.5321	-0.8659	-1.0828	0.0	0.0
TCGA-CN-5355-01	-0.8048	-0.9278	-0.9155	-1.0486	-0.5849	-0.5225	-0.8811	-0.9182	0.0	0.0
TCGA-CN-4741-01	-0.3569	-0.4859	-0.4642	-0.5663	-0.4874	-0.4724	-0.3735	1.0512	0.0	0.0
TCGA-CN-4740-01	-0.7344	0.3849	-0.5321	-0.5786	-0.2578	-0.4702	-0.7044	-0.4586	0.0	0.0
TCGA-CN-4737-01	-1.011	-0.9788	-1.2211	-0.8571	-0.5973	-0.527	-0.9318	-0.2543	0.0	0.0
TCGA-CN-4736-01	1.7348	1.4807	0.8687	1.245	2.9202	0.7048	0.5729	1.5365	0.0	0.0
TCGA-CN-4735-01	-0.5009	0.4901	0.2444	0.4865	0.5153	-0.395	-0.1545	-0.3949	0.0	0.0
TCGA-CN-4734-01	1.5007	0.9505	-0.281	2.2023	0.7709	0.6556	0.2937	1.5548	0.0	0.0
TCGA-CN-4731-01	-0.5198	0.8043	-0.4355	-0.8605	-0.6171	-0.5255	-0.0395	-1.2068	0.0	0.0
TCGA-CN-4730-01	-0.5532	-1.0972	-0.963	-1.0398	-0.598	-0.5305	-0.3783	-0.9256	0.0	0.0
TCGA-CN-4729-01	-0.5171	0.2397	-0.7844	-0.85	-0.5963	-0.5243	-0.7422	-0.4843	0.0	0.0
TCGA-CN-4728-01	-0.3177	0.2546	-0.3555	-0.2951	-0.2422	-0.4063	-0.4984	0.2445	0.0	0.0
TCGA-CN-4727-01	-0.7708	-0.8738	-1.1708	-1.2519	-0.6392	-0.5374	-0.7953	-0.7599	0.0	0.0
TCGA-CN-4726-01	-0.69	0.7017	-1.0733	-0.5998	-0.6023	-0.5188	-0.68	-1.2648	0.0	0.0
TCGA-CN-4725-01	-1.0488	-1.2166	-1.1702	-1.0297	-0.6128	-0.5207	-0.872	-1.1027	0.0	0.0
TCGA-CN-4723-01	0.1391	-0.1549	-0.7873	0.3593	0.1752	-0.3367	-0.5055	1.3363	0.0	0.0
TCGA-CN-4722-01	-1.1286	-1.2075	-1.1669	-1.1419	-0.6243	-0.5314	-0.9257	-1.2997	0.0	0.0
TCGA-BB-4228-01	-0.9629	-1.2254	-1.0825	-0.774	-0.2721	-0.1675	-0.8116	-1.4091	0.0	0.0
TCGA-BB-4225-01	-0.4385	-0.0457	0.3941	-0.0307	-0.3707	0.4698	-0.3119	-1.1228	0.0	0.0
TCGA-BB-4224-01	-0.5002	-0.2328	-1.1297	-1.0123	-0.5795	-0.4831	-0.4812	-0.7591	0.0	0.0
TCGA-BB-4223-01	-0.9511	-0.9747	-0.4239	-0.016	0.0892	-0.2506	-0.6641	0.416	0.0	0.0
TCGA-BA-5153-01	-0.5438	-1.0528	0.1161	-0.6411	-0.5715	-0.4273	-0.3665	-0.8378	0.0	0.0
TCGA-BA-5151-01	-0.5425	-0.1886	-1.047	0.1797	-0.551	-0.4638	-0.6533	0.0679	0.0	0.0
TCGA-BA-4078-01	-0.8743	-0.9541	-0.8976	-0.7438	-0.4105	-0.4449	-0.7184	-1.2093	0.0	0.0
TCGA-BA-4077-01	1.2825	1.8957	1.2737	0.6488	0.4814	0.8207	1.4017	0.5668	0.0	0.0
TCGA-BA-4076-01	-1.0457	-0.671	-1.0885	-1.2141	-0.6093	-0.5217	-0.706	-1.1067	0.0	0.0
TCGA-BA-4075-01	-0.8336	-0.2007	-1.1599	-0.7115	-0.6381	-0.5106	-0.2473	-1.6251	0.0	0.0
